DistrictID,DistrictT,DistrictE,DistrictCode,AmphurCode,DistrictOther
1,-,-,NULL,NULL,NULL
2," ทับมา"," ทับมา",NULL,NULL,NULL
3," บอวิน"," บอวิน",NULL,NULL,NULL
4," บ้านเหล่า"," บ้านเหล่า",NULL,NULL,NULL
5,Banbung,Banbung,NULL,NULL,NULL
6,Banglamung,Banglamung,NULL,NULL,NULL
7,Borwin,Borwin,NULL,NULL,NULL
8,Bowin,Bowin,NULL,NULL,NULL
9,Bung,Bung,NULL,NULL,NULL
10,Khlong Tamru,Khlong Tamru,NULL,NULL,NULL
11,Klongthanon,Klongthanon,NULL,NULL,NULL
12,Naklua,Naklua,NULL,NULL,NULL
13,Napa,Napa,NULL,NULL,NULL
14,Nongkham,Nongkham,NULL,NULL,NULL
15,Nongprue,Nongprue,NULL,NULL,NULL
16,Nonmung,Nonmung,NULL,NULL,NULL
17,Rongjig,Rongjig,NULL,NULL,NULL
18,Samed,Samed,NULL,NULL,NULL
19,Surasak,Surasak,NULL,NULL,NULL
20,T.SURASAK,T.SURASAK,NULL,NULL,NULL
21,เเกใหญ่,เเกใหญ่,NULL,NULL,NULL
22,เเสงภา,เเสงภา,NULL,NULL,NULL
23,เเสนสุข,เเสนสุข,NULL,NULL,NULL
24,เกาะแต้ว,เกาะแต้ว,NULL,NULL,NULL
25,เกาะจันทร์,เกาะจันทร์,NULL,NULL,NULL
26,เกาะตาเลี้ยง,เกาะตาเลี้ยง,NULL,NULL,NULL
27,เขวา,เขวา,NULL,NULL,NULL
28,เขาแก้ว,เขาแก้ว,NULL,NULL,NULL
29,เขาคันทรง,เขาคันทรง,NULL,NULL,NULL
30,เขาทอง,เขาทอง,NULL,NULL,NULL
31,เขาสามยอด,เขาสามยอด,NULL,NULL,NULL
32,เขือน้ำ,เขือน้ำ,NULL,NULL,NULL
33,เจดีย์ชัย,เจดีย์ชัย,NULL,NULL,NULL
34,เจ้าท่า,เจ้าท่า,NULL,NULL,NULL
35,เชียงเครือ,เชียงเครือ,NULL,NULL,NULL
36,"เชียงแหว ","เชียงแหว ",NULL,NULL,NULL
37,เชียงกลาง,เชียงกลาง,NULL,NULL,NULL
38,เด่นเหล็ก,เด่นเหล็ก,NULL,NULL,NULL
39,เต่างอย,เต่างอย,NULL,NULL,NULL
40,เทนมีย์,เทนมีย์,NULL,NULL,NULL
41,เนินมะกอก,เนินมะกอก,NULL,NULL,NULL
42,เป็นสุข,เป็นสุข,NULL,NULL,NULL
43,เปือยน้อย,เปือยน้อย,NULL,NULL,NULL
44,เพี้ยราม,เพี้ยราม,NULL,NULL,NULL
45,เมือง,เมือง,NULL,NULL,NULL
46,เมืองเก่า,เมืองเก่า,NULL,NULL,NULL
47,เมืองเดช,เมืองเดช,NULL,NULL,NULL
48,เมืองปาน,เมืองปาน,NULL,NULL,NULL
49,เมืองพาน,เมืองพาน,NULL,NULL,NULL
50,เลิงใต้,เลิงใต้,NULL,NULL,NULL
51,เวินพระบาท,เวินพระบาท,NULL,NULL,NULL
52,เสม็ด,เสม็ด,NULL,NULL,NULL
53,เสอเพลอ,เสอเพลอ,NULL,NULL,NULL
54,เหมือง,เหมือง,NULL,NULL,NULL
55,เหล่าหมี,เหล่าหมี,NULL,NULL,NULL
56,แขวงบางนา,แขวงบางนา,NULL,NULL,NULL
57,แชแล,แชแล,NULL,NULL,NULL
58,แต้,แต้,NULL,NULL,NULL
59,แม่เปิน,แม่เปิน,NULL,NULL,NULL
60,แม่ก๊า,แม่ก๊า,NULL,NULL,NULL
61,แม่น้ำคู้,แม่น้ำคู้,NULL,NULL,NULL
62,แม่ระกา,แม่ระกา,NULL,NULL,NULL
63,แม่สลองใน,แม่สลองใน,NULL,NULL,NULL
64,แม่สาว,แม่สาว,NULL,NULL,NULL
65,แวง,แวง,NULL,NULL,NULL
66,แวงน้อย,แวงน้อย,NULL,NULL,NULL
67,แสนสุข,แสนสุข,NULL,NULL,NULL
68,โคกปี่ฆ้อง,โคกปี่ฆ้อง,NULL,NULL,NULL
69,โคกมะม่วง,โคกมะม่วง,NULL,NULL,NULL
70,โคกสำราญ,โคกสำราญ,NULL,NULL,NULL
71,โคกสี,โคกสี,NULL,NULL,NULL
72,โคกสูง,โคกสูง,NULL,NULL,NULL
73,โดมประดิษฐ์,โดมประดิษฐ์,NULL,NULL,NULL
74,โนนเพ็ก,โนนเพ็ก,NULL,NULL,NULL
75,โนนทอง,โนนทอง,NULL,NULL,NULL
76,โนนรัง,โนนรัง,NULL,NULL,NULL
77,โนนศิลา,โนนศิลา,NULL,NULL,NULL
78,โนนสะอาด,โนนสะอาด,NULL,NULL,NULL
79,โป่ง,โป่ง,NULL,NULL,NULL
80,โป่งนก,โป่งนก,NULL,NULL,NULL
81,โพธิ์เก้าต้น,โพธิ์เก้าต้น,NULL,NULL,NULL
82,โพธิ์ตาก,โพธิ์ตาก,NULL,NULL,NULL
83,โพธิ์สัย,โพธิ์สัย,NULL,NULL,NULL
84,โพนเมือง,โพนเมือง,NULL,NULL,NULL
85,โพนงาม,โพนงาม,NULL,NULL,NULL
86,โพนทราย,โพนทราย,NULL,NULL,NULL
87,โพนสูง,โพนสูง,NULL,NULL,NULL
88,ในเมือง,ในเมือง,NULL,NULL,NULL
89,ในเวียง,ในเวียง,NULL,NULL,NULL
90,ใหม่นาเพียง,ใหม่นาเพียง,NULL,NULL,NULL
91,ไกรนอก,ไกรนอก,NULL,NULL,NULL
92,ไชยวาน,ไชยวาน,NULL,NULL,NULL
93,ไพรขลา,ไพรขลา,NULL,NULL,NULL
94,ไม้ตรา,ไม้ตรา,NULL,NULL,NULL
95,ไร่น้อย,ไร่น้อย,NULL,NULL,NULL
96,กงรถ,กงรถ,NULL,NULL,NULL
97,กระเทียม,กระเทียม,NULL,NULL,NULL
98,กระโทก,กระโทก,NULL,NULL,NULL
99,กระชอน,กระชอน,NULL,NULL,NULL
100,กระสัง,กระสัง,NULL,NULL,NULL
101,กระออม,กระออม,NULL,NULL,NULL
102,กฤษณา,กฤษณา,NULL,NULL,NULL
103,กลางใหม่,กลางใหม่,NULL,NULL,NULL
104,กลางดง,กลางดง,NULL,NULL,NULL
105,กะรชอน,กะรชอน,NULL,NULL,NULL
106,กังแอน,กังแอน,NULL,NULL,NULL
107,กันจุ,กันจุ,NULL,NULL,NULL
108,กันทรอม,กันทรอม,NULL,NULL,NULL
109,กันทรารมย์,กันทรารมย์,NULL,NULL,NULL
110,กาบเชิง,กาบเชิง,NULL,NULL,NULL
111,กุดเค้า,กุดเค้า,NULL,NULL,NULL
112,กุดเสลา,กุดเสลา,NULL,NULL,NULL
113,กุดโดน,กุดโดน,NULL,NULL,NULL
114,กุดโบสถ์,กุดโบสถ์,NULL,NULL,NULL
115,กุดจับ,กุดจับ,NULL,NULL,NULL
116,กุดชุม,กุดชุม,NULL,NULL,NULL
117,กุดดินจี่,กุดดินจี่,NULL,NULL,NULL
118,กุดธาตุ,กุดธาตุ,NULL,NULL,NULL
119,กุดบง,กุดบง,NULL,NULL,NULL
120,ขัวก่าย,ขัวก่าย,NULL,NULL,NULL
121,ขามเรียง,ขามเรียง,NULL,NULL,NULL
122,ขี้เหล็ก,ขี้เหล็ก,NULL,NULL,NULL
123,ขุนทอง,ขุนทอง,NULL,NULL,NULL
124,คลองขลุง,คลองขลุง,NULL,NULL,NULL
125,คลองคะเชนทร์,คลองคะเชนทร์,NULL,NULL,NULL
126,คลองตะเกรา,คลองตะเกรา,NULL,NULL,NULL
127,คลองตำหรุ,คลองตำหรุ,NULL,NULL,NULL
128,คลองนิยมยาตรา,คลองนิยมยาตรา,NULL,NULL,NULL
129,คลองหนึ่ง,คลองหนึ่ง,NULL,NULL,NULL
130,คอเเลน,คอเเลน,NULL,NULL,NULL
131,ค้อเหนือ,ค้อเหนือ,NULL,NULL,NULL
132,ค้อใหญ่,ค้อใหญ่,NULL,NULL,NULL
133,คอนสาย,คอนสาย,NULL,NULL,NULL
134,คันนายาว,คันนายาว,NULL,NULL,NULL
135,คำอาฮวน,คำอาฮวน,NULL,NULL,NULL
136,คูคำ,คูคำ,NULL,NULL,NULL
137,คูตัน,คูตัน,NULL,NULL,NULL
138,งิม,งิม,NULL,NULL,NULL
139,จริม,จริม,NULL,NULL,NULL
140,จอมศรี,จอมศรี,NULL,NULL,NULL
141,จันจว้า,จันจว้า,NULL,NULL,NULL
142,จันจว้าใต้,จันจว้าใต้,NULL,NULL,NULL
143,จานใหญ่,จานใหญ่,NULL,NULL,NULL
144,จีกแดก,จีกแดก,NULL,NULL,NULL
145,จุน,จุน,NULL,NULL,NULL
146,ชานุมาน,ชานุมาน,NULL,NULL,NULL
147,ชุมแพ,ชุมแพ,NULL,NULL,NULL
148,ชุมช้าง,ชุมช้าง,NULL,NULL,NULL
149,ชุมตาบง,ชุมตาบง,NULL,NULL,NULL
150,ชุมพร,ชุมพร,NULL,NULL,NULL
151,ณรงค์,ณรงค์,NULL,NULL,NULL
152,ดงเหนือ,ดงเหนือ,NULL,NULL,NULL
153,ดงใหญ่,ดงใหญ่,NULL,NULL,NULL
154,ดงขุย,ดงขุย,NULL,NULL,NULL
155,ดงลาน,ดงลาน,NULL,NULL,NULL
156,ดงอีจาน,ดงอีจาน,NULL,NULL,NULL
157,ดวนใหญ่,ดวนใหญ่,NULL,NULL,NULL
158,ดอนกลอย,ดอนกลอย,NULL,NULL,NULL
159,ดอนหัวฬ่อ,ดอนหัวฬ่อ,NULL,NULL,NULL
160,ด่านจาก,ด่านจาก,NULL,NULL,NULL
161,ด่านซ้าย,ด่านซ้าย,NULL,NULL,NULL
162,ด่านทับตะโก,ด่านทับตะโก,NULL,NULL,NULL
163,ด่านศรีสุข,ด่านศรีสุข,NULL,NULL,NULL
164,ดำครั่ง,ดำครั่ง,NULL,NULL,NULL
165,ต.นาป่า,ต.นาป่า,NULL,NULL,NULL
166,ต.บึง,ต.บึง,NULL,NULL,NULL
167,ต.ลำคอหงษ์,ต.ลำคอหงษ์,NULL,NULL,NULL
168,ตระกาจ,ตระกาจ,NULL,NULL,NULL
169,ตรำดม,ตรำดม,NULL,NULL,NULL
170,ตรึม,ตรึม,NULL,NULL,NULL
171,ตลองกิ่ว,ตลองกิ่ว,NULL,NULL,NULL
172,ตลาด,ตลาด,NULL,NULL,NULL
173,ตะเคียนเตี้ย,ตะเคียนเตี้ย,NULL,NULL,NULL
174,ตะขบ,ตะขบ,NULL,NULL,NULL
175,ตาขีด,ตาขีด,NULL,NULL,NULL
176,ตาชัย,ตาชัย,NULL,NULL,NULL
177,ถนนโพธิ์,ถนนโพธิ์,NULL,NULL,NULL
178,ถอนสมอ,ถอนสมอ,NULL,NULL,NULL
179,ทมอ,ทมอ,NULL,NULL,NULL
180,ทรายขาว,ทรายขาว,NULL,NULL,NULL
181,ทับทัน,ทับทัน,NULL,NULL,NULL
182,ทับมา,ทับมา,NULL,NULL,NULL
183,ท่าเกษม,ท่าเกษม,NULL,NULL,NULL
184,ท่าเสา,ท่าเสา,NULL,NULL,NULL
185,ท่าแยก,ท่าแยก,NULL,NULL,NULL
186,ท่าโรง,ท่าโรง,NULL,NULL,NULL
187,ท่ากระดาน,ท่ากระดาน,NULL,NULL,NULL
188,ท่าข้าม,ท่าข้าม,NULL,NULL,NULL
189,ท่าตูม,ท่าตูม,NULL,NULL,NULL
190,ท่าทราย,ท่าทราย,NULL,NULL,NULL
191,ท่าปลา,ท่าปลา,NULL,NULL,NULL
192,ท่าม่วง,ท่าม่วง,NULL,NULL,NULL
193,ท่าลี่,ท่าลี่,NULL,NULL,NULL
194,ท่าหลวง,ท่าหลวง,NULL,NULL,NULL
195,ทำนบ,ทำนบ,NULL,NULL,NULL
196,ทุ่งแสงทอง,ทุ่งแสงทอง,NULL,NULL,NULL
197,ทุ่งต้อม,ทุ่งต้อม,NULL,NULL,NULL
198,ทุ่งยั้ง,ทุ่งยั้ง,NULL,NULL,NULL
199,ทุ่งศุขลา,ทุ่งศุขลา,NULL,NULL,NULL
200,ทุ่งสขลา,ทุ่งสขลา,NULL,NULL,NULL
201,ทุ่งสองห้อง,ทุ่งสองห้อง,NULL,NULL,NULL
202,ทุ่งสุขลา,ทุ่งสุขลา,NULL,NULL,NULL
203,ธาตุเชิงชุม,ธาตุเชิงชุม,NULL,NULL,NULL
204,ธาตุทอง,ธาตุทอง,NULL,NULL,NULL
205,นครสวรรค์,นครสวรรค์,NULL,NULL,NULL
206,นาเเค,นาเเค,NULL,NULL,NULL
207,นาเกลือ,นาเกลือ,NULL,NULL,NULL
208,นาแค,นาแค,NULL,NULL,NULL
209,นาแต้,นาแต้,NULL,NULL,NULL
210,นาแพง,นาแพง,NULL,NULL,NULL
211,นาโบสถ์,นาโบสถ์,NULL,NULL,NULL
212,นาไหม,นาไหม,NULL,NULL,NULL
213,นาขุนไกร,นาขุนไกร,NULL,NULL,NULL
214,นาครัว,นาครัว,NULL,NULL,NULL
215,นาคาย,นาคาย,NULL,NULL,NULL
216,นาคำไฮ,นาคำไฮ,NULL,NULL,NULL
217,นางแก้ว,นางแก้ว,NULL,NULL,NULL
218,นางาม,นางาม,NULL,NULL,NULL
219,นาซ่าว,นาซ่าว,NULL,NULL,NULL
220,นาดงพัฒนา,นาดงพัฒนา,NULL,NULL,NULL
221,นาดำ,นาดำ,NULL,NULL,NULL
222,นาดี,นาดี,NULL,NULL,NULL
223,นาตงวัฒนา,นาตงวัฒนา,NULL,NULL,NULL
224,นาถ่อน,นาถ่อน,NULL,NULL,NULL
225,นาทม,นาทม,NULL,NULL,NULL
226,นาน้อย,นาน้อย,NULL,NULL,NULL
227,นาบ่อค้า,นาบ่อค้า,NULL,NULL,NULL
228,นาบ่อคำ,นาบ่อคำ,NULL,NULL,NULL
229,นาป่า,นาป่า,NULL,NULL,NULL
230,นาฝาย,นาฝาย,NULL,NULL,NULL
231,นาม่วง,นาม่วง,NULL,NULL,NULL
232,นามะตูม,นามะตูม,NULL,NULL,NULL
233,นายม,นายม,NULL,NULL,NULL
234,นาสนุ่น,นาสนุ่น,NULL,NULL,NULL
235,นาหนองทุ่ม,นาหนองทุ่ม,NULL,NULL,NULL
236,นาหว้า,นาหว้า,NULL,NULL,NULL
237,นาอุดม,นาอุดม,NULL,NULL,NULL
238,น้ำโมง,น้ำโมง,NULL,NULL,NULL
239,น้ำไคร้,น้ำไคร้,NULL,NULL,NULL
240,น้ำชุน,น้ำชุน,NULL,NULL,NULL
241,น้ำร้อน,น้ำร้อน,NULL,NULL,NULL
242,น้ำหนาว,น้ำหนาว,NULL,NULL,NULL
243,นิคม,นิคม,NULL,NULL,NULL
244,นิคมน้ำอูน,นิคมน้ำอูน,NULL,NULL,NULL
245,นิคมสงเคราะห์,นิคมสงเคราะห์,NULL,NULL,NULL
246,บ่อทอง,บ่อทอง,NULL,NULL,NULL
247,บ่อภาค,บ่อภาค,NULL,NULL,NULL
248,บ่อวิน,บ่อวิน,NULL,NULL,NULL
249,บะ,บะ,NULL,NULL,NULL
250,บางเพรียง,บางเพรียง,NULL,NULL,NULL
251,บางเสาธง,บางเสาธง,NULL,NULL,NULL
252,บางแก้ว,บางแก้ว,NULL,NULL,NULL
253,บางโฉลง,บางโฉลง,NULL,NULL,NULL
254,บางใหญ่,บางใหญ่,NULL,NULL,NULL
255,บางกระดี่,บางกระดี่,NULL,NULL,NULL
256,บางงาม,บางงาม,NULL,NULL,NULL
257,บางบอน,บางบอน,NULL,NULL,NULL
258,บางปลา,บางปลา,NULL,NULL,NULL
259,บางพระ,บางพระ,NULL,NULL,NULL
260,บางมด,บางมด,NULL,NULL,NULL
261,บางระจัน,บางระจัน,NULL,NULL,NULL
262,บางละมุง,บางละมุง,NULL,NULL,NULL
263,บ้านเเก้ง,บ้านเเก้ง,NULL,NULL,NULL
264,บ้านเเขม,บ้านเเขม,NULL,NULL,NULL
265,บ้านเดื่อ,บ้านเดื่อ,NULL,NULL,NULL
266,บ้านเวียง,บ้านเวียง,NULL,NULL,NULL
267,บ้านเสด็จ,บ้านเสด็จ,NULL,NULL,NULL
268,บ้านเหล่า,บ้านเหล่า,NULL,NULL,NULL
269,บ้านเอื้อง,บ้านเอื้อง,NULL,NULL,NULL
270,บ้านแก่ง,บ้านแก่ง,NULL,NULL,NULL
271,บ้านแร่,บ้านแร่,NULL,NULL,NULL
272,บ้านโคก,บ้านโคก,NULL,NULL,NULL
273,บ้านโคน,บ้านโคน,NULL,NULL,NULL
274,บ้านใหม่,บ้านใหม่,NULL,NULL,NULL
275,บ้านไผ่,บ้านไผ่,NULL,NULL,NULL
276,บ้านกลาง,บ้านกลาง,NULL,NULL,NULL
277,บ้านขาว,บ้านขาว,NULL,NULL,NULL
278,บ้านค่า,บ้านค่า,NULL,NULL,NULL
279,บ้านจีต,บ้านจีต,NULL,NULL,NULL
280,บ้านดง,บ้านดง,NULL,NULL,NULL
281,บ้านดารา,บ้านดารา,NULL,NULL,NULL
282,บ้านต้อง,บ้านต้อง,NULL,NULL,NULL
283,บ้านตึก,บ้านตึก,NULL,NULL,NULL
284,บ้านบัว,บ้านบัว,NULL,NULL,NULL
285,บ้านบาก,บ้านบาก,NULL,NULL,NULL
286,บ้านบึง,บ้านบึง,NULL,NULL,NULL
287,บ้านผือ,บ้านผือ,NULL,NULL,NULL
288,บ้านฝาง,บ้านฝาง,NULL,NULL,NULL
289,บ้านฝือ,บ้านฝือ,NULL,NULL,NULL
290,บ้านพนานถม,บ้านพนานถม,NULL,NULL,NULL
291,บ้านยาง,บ้านยาง,NULL,NULL,NULL
292,บ้านสวน,บ้านสวน,NULL,NULL,NULL
293,บ้านหวาย,บ้านหวาย,NULL,NULL,NULL
294,บึง,บึง,NULL,NULL,NULL
295,บึงวิชัย,บึงวิชัย,NULL,NULL,NULL
296,บุ่งไหม,บุ่งไหม,NULL,NULL,NULL
297,บุสูง,บุสูง,NULL,NULL,NULL
298,ประทัดบุ,ประทัดบุ,NULL,NULL,NULL
299,ประสงค์,ประสงค์,NULL,NULL,NULL
300,ปรังเผล,ปรังเผล,NULL,NULL,NULL
301,ปลวกเเดง,ปลวกเเดง,NULL,NULL,NULL
302,ปลวกแดง,ปลวกแดง,NULL,NULL,NULL
303,ปลาปาก,ปลาปาก,NULL,NULL,NULL
304,ป่าไหน่,ป่าไหน่,NULL,NULL,NULL
305,ปากชม,ปากชม,NULL,NULL,NULL
306,ปากท่อ,ปากท่อ,NULL,NULL,NULL
307,ป่าซาง,ป่าซาง,NULL,NULL,NULL
308,ป่าสัก,ป่าสัก,NULL,NULL,NULL
309,ฝายกวาง,ฝายกวาง,NULL,NULL,NULL
310,พรสำราญ,พรสำราญ,NULL,NULL,NULL
311,พรหมสวัสดิ์,พรหมสวัสดิ์,NULL,NULL,NULL
312,พระเพลิง,พระเพลิง,NULL,NULL,NULL
313,พระกลางทุ่ง,พระกลางทุ่ง,NULL,NULL,NULL
314,พลวงทอง,พลวงทอง,NULL,NULL,NULL
315,พลวงสองนาง,พลวงสองนาง,NULL,NULL,NULL
316,พลูตาหลวง,พลูตาหลวง,NULL,NULL,NULL
317,พอกน้อย,พอกน้อย,NULL,NULL,NULL
318,พะทาย,พะทาย,NULL,NULL,NULL
319,พังเคน,พังเคน,NULL,NULL,NULL
320,พานทอง,พานทอง,NULL,NULL,NULL
321,พิบูล,พิบูล,NULL,NULL,NULL
322,พิมาย,พิมาย,NULL,NULL,NULL
323,พุเตย,พุเตย,NULL,NULL,NULL
324,พุคำจาน,พุคำจาน,NULL,NULL,NULL
325,มะต้อง,มะต้อง,NULL,NULL,NULL
326,มาบไผ่,มาบไผ่,NULL,NULL,NULL
327,มาบยางพร,มาบยางพร,NULL,NULL,NULL
328,ยาง,ยาง,NULL,NULL,NULL
329,ยางขี้นก,ยางขี้นก,NULL,NULL,NULL
330,ยางคำ,ยางคำ,NULL,NULL,NULL
331,ยางม่วง,ยางม่วง,NULL,NULL,NULL
332,ยางหวาย,ยางหวาย,NULL,NULL,NULL
333,ร่อนทอง,ร่อนทอง,NULL,NULL,NULL
334,ระแงง,ระแงง,NULL,NULL,NULL
335,ระแหง,ระแหง,NULL,NULL,NULL
336,ระวิง,ระวิง,NULL,NULL,NULL
337,รังกาใหญ่,รังกาใหญ่,NULL,NULL,NULL
338,รังสิต,รังสิต,NULL,NULL,NULL
339,ริมกก,ริมกก,NULL,NULL,NULL
340,ละลวด,ละลวด,NULL,NULL,NULL
341,ละหาน,ละหาน,NULL,NULL,NULL
342,ลาดตะเคียน,ลาดตะเคียน,NULL,NULL,NULL
343,ลานกระบือ,ลานกระบือ,NULL,NULL,NULL
344,ลานสัก,ลานสัก,NULL,NULL,NULL
345,ลำตาเสา,ลำตาเสา,NULL,NULL,NULL
346,ลำนางรอง,ลำนางรอง,NULL,NULL,NULL
347,วังเพิ่ม,วังเพิ่ม,NULL,NULL,NULL
348,วังแดง,วังแดง,NULL,NULL,NULL
349,วังไทร,วังไทร,NULL,NULL,NULL
350,วังไม้แดง,วังไม้แดง,NULL,NULL,NULL
351,วังกระแจะ,วังกระแจะ,NULL,NULL,NULL
352,วังทอง,วังทอง,NULL,NULL,NULL
353,วังน้ำขาว,วังน้ำขาว,NULL,NULL,NULL
354,วังพิกุล,วังพิกุล,NULL,NULL,NULL
355,วังม่วง,วังม่วง,NULL,NULL,NULL
356,วังยาง,วังยาง,NULL,NULL,NULL
357,วังลึก,วังลึก,NULL,NULL,NULL
358,วังสมบูรณ์,วังสมบูรณ์,NULL,NULL,NULL
359,วังหลวง,วังหลวง,NULL,NULL,NULL
360,วัฒนานคร,วัฒนานคร,NULL,NULL,NULL
361,วิหารเเดง,วิหารเเดง,NULL,NULL,NULL
362,วิหารแดง,วิหารแดง,NULL,NULL,NULL
363,ศรีราชา,ศรีราชา,NULL,NULL,NULL
364,ศรีสว่าง,ศรีสว่าง,NULL,NULL,NULL
365,ศรีสุข,ศรีสุข,NULL,NULL,NULL
366,สบปราบ,สบปราบ,NULL,NULL,NULL
367,สมอโคน,สมอโคน,NULL,NULL,NULL
368,สรอย,สรอย,NULL,NULL,NULL
369,สระใคร,สระใคร,NULL,NULL,NULL
370,สระคู,สระคู,NULL,NULL,NULL
371,สระจรเข้,สระจรเข้,NULL,NULL,NULL
372,สร้างคอม,สร้างคอม,NULL,NULL,NULL
373,สว่าง,สว่าง,NULL,NULL,NULL
374,สองคอน,สองคอน,NULL,NULL,NULL
375,สะกาด,สะกาด,NULL,NULL,NULL
376,สัตหีบ,สัตหีบ,NULL,NULL,NULL
377,สามผง,สามผง,NULL,NULL,NULL
378,สามัคคี,สามัคคี,NULL,NULL,NULL
379,สายไหม,สายไหม,NULL,NULL,NULL
380,สารภี,สารภี,NULL,NULL,NULL
381,สาวะถี,สาวะถี,NULL,NULL,NULL
382,สำโรง,สำโรง,NULL,NULL,NULL
383,สำโรงเหนือ,สำโรงเหนือ,NULL,NULL,NULL
384,สำราญ,สำราญ,NULL,NULL,NULL
385,สุขฤทัย,สุขฤทัย,NULL,NULL,NULL
386,สุมเส้า,สุมเส้า,NULL,NULL,NULL
387,สุรศักดิ์,สุรศักดิ์,NULL,NULL,NULL
388,หญ้าปล้อง,หญ้าปล้อง,NULL,NULL,NULL
389,หนองเเจง,หนองเเจง,NULL,NULL,NULL
390,หนองเเดง,หนองเเดง,NULL,NULL,NULL
391,หนองเเหย่ง,หนองเเหย่ง,NULL,NULL,NULL
392,หนองเต็ง,หนองเต็ง,NULL,NULL,NULL
393,หนองเต่า,หนองเต่า,NULL,NULL,NULL
394,หนองเม็ก,หนองเม็ก,NULL,NULL,NULL
395,หนองเลิง,หนองเลิง,NULL,NULL,NULL
396,หนองเหล็ก,หนองเหล็ก,NULL,NULL,NULL
397,หนองแวง,หนองแวง,NULL,NULL,NULL
398,หนองแสง,หนองแสง,NULL,NULL,NULL
399,หนองโพธิ์,หนองโพธิ์,NULL,NULL,NULL
400,หนองใหญ่,หนองใหญ่,NULL,NULL,NULL
401,หนองไม้เเดง,หนองไม้เเดง,NULL,NULL,NULL
402,หนองไม้แดง,หนองไม้แดง,NULL,NULL,NULL
403,หนองกง,หนองกง,NULL,NULL,NULL
404,หนองกลับ,หนองกลับ,NULL,NULL,NULL
405,หนองกะท้าว,หนองกะท้าว,NULL,NULL,NULL
406,หนองกุงสวรรค์,หนองกุงสวรรค์,NULL,NULL,NULL
407,หนองขา,หนองขา,NULL,NULL,NULL
408,หนองข่า,หนองข่า,NULL,NULL,NULL
409,หนองขาม,หนองขาม,NULL,NULL,NULL
410,หนองคูขาด,หนองคูขาด,NULL,NULL,NULL
411,หนองชาก,หนองชาก,NULL,NULL,NULL
412,หนองตำลึง,หนองตำลึง,NULL,NULL,NULL
413,หนองบ่อ,หนองบ่อ,NULL,NULL,NULL
414,หนองบัว,หนองบัว,NULL,NULL,NULL
415,หนองบัวศาลา,หนองบัวศาลา,NULL,NULL,NULL
416,หนองบัวสิม,หนองบัวสิม,NULL,NULL,NULL
417,หนองปรือ,หนองปรือ,NULL,NULL,NULL
418,หนองปลาไหล,หนองปลาไหล,NULL,NULL,NULL
419,หนองพระ,หนองพระ,NULL,NULL,NULL
420,หนองม่วงไข่,หนองม่วงไข่,NULL,NULL,NULL
421,หนองรี,หนองรี,NULL,NULL,NULL
422,หนองลาด,หนองลาด,NULL,NULL,NULL
423,หนองสระปลา,หนองสระปลา,NULL,NULL,NULL
424,หนองหมากฝ้าย,หนองหมากฝ้าย,NULL,NULL,NULL
425,หนองหมี,หนองหมี,NULL,NULL,NULL
426,หนองหลวง,หนองหลวง,NULL,NULL,NULL
427,หนองหว้า,หนองหว้า,NULL,NULL,NULL
428,หนองหัวช้าง,หนองหัวช้าง,NULL,NULL,NULL
429,หนองอิรุณ,หนองอิรุณ,NULL,NULL,NULL
430,หนองอียอ,หนองอียอ,NULL,NULL,NULL
431,หน้าเมือง,หน้าเมือง,NULL,NULL,NULL
432,หมากเเข้ง,หมากเเข้ง,NULL,NULL,NULL
433,หมากแข้ง,หมากแข้ง,NULL,NULL,NULL
434,หมากหญ้า,หมากหญ้า,NULL,NULL,NULL
435,หลักเขต,หลักเขต,NULL,NULL,NULL
436,หลุบ,หลุบ,NULL,NULL,NULL
437,ห้วยเม็ก,ห้วยเม็ก,NULL,NULL,NULL
438,ห้วยกะปิ,ห้วยกะปิ,NULL,NULL,NULL
439,ห้วยข่า,ห้วยข่า,NULL,NULL,NULL
440,ห้วยคต,ห้วยคต,NULL,NULL,NULL
441,ห้วยยั้ง,ห้วยยั้ง,NULL,NULL,NULL
442,ห้วยสำราญ,ห้วยสำราญ,NULL,NULL,NULL
443,หัวเดียด,หัวเดียด,NULL,NULL,NULL
444,หัวเมือง,หัวเมือง,NULL,NULL,NULL
445,หัวขวาง,หัวขวาง,NULL,NULL,NULL
446,หัวรอ,หัวรอ,NULL,NULL,NULL
447,หาดนางแก้ว,หาดนางแก้ว,NULL,NULL,NULL
448,หายโศก,หายโศก,NULL,NULL,NULL
449,หินตั้ง,หินตั้ง,NULL,NULL,NULL
450,อ่างทอง,อ่างทอง,NULL,NULL,NULL
451,อีสานเขต,อีสานเขต,NULL,NULL,NULL
452,าป่า,าป่า,NULL,NULL,NULL
453,หนองปลาหมอ,หนองปลาหมอ,NULL,NULL,NULL
454,ปลาค้าว,ปลาค้าว,NULL,NULL,NULL
455,คันไร่,คันไร่,NULL,NULL,NULL
456,แข้,แข้,NULL,NULL,NULL
457,อู่ทอง,อู่ทอง,NULL,NULL,NULL
458,นาสี,นาสี,NULL,NULL,NULL
459,โนนก่อ,โนนก่อ,NULL,NULL,NULL
460,ท่าอิฐ,ท่าอิฐ,NULL,NULL,NULL
461,วังสะพุง,วังสะพุง,NULL,NULL,NULL
462,หนองหญ้าไซ,หนองหญ้าไซ,NULL,NULL,NULL
463,ต้นเปา,ต้นเปา,NULL,NULL,NULL
464,งัวบา,งัวบา,NULL,NULL,NULL
465,ท่าประดู่,ท่าประดู่,NULL,NULL,NULL
466,ท้ายเกาะ,ท้ายเกาะ,NULL,NULL,NULL
467,หนองช้างแล่น,หนองช้างแล่น,NULL,NULL,NULL
468,จอหอ,จอหอ,NULL,NULL,NULL
469,มะค่า,มะค่า,NULL,NULL,NULL
470,หนองนมวัว,หนองนมวัว,NULL,NULL,NULL
471,ตลาดขวัญ,ตลาดขวัญ,NULL,NULL,NULL
472,ขุมทอง,ขุมทอง,NULL,NULL,NULL
473,อุทัย,อุทัย,NULL,NULL,NULL
474,ป่าแลวหลวง,ป่าแลวหลวง,NULL,NULL,NULL
475,ดงพยุง,ดงพยุง,NULL,NULL,NULL
476,ทุ่งแล้ง,ทุ่งแล้ง,NULL,NULL,NULL
477,บางกุ้ง,บางกุ้ง,NULL,NULL,NULL
478,น้ำดิบ,น้ำดิบ,NULL,NULL,NULL
479,หนองกร่าง,หนองกร่าง,NULL,NULL,NULL
480,คุ้งลาน,คุ้งลาน,NULL,NULL,NULL
481,แมดนาท่ม,แมดนาท่ม,NULL,NULL,NULL
482,โคกแสมสาร,โคกแสมสาร,NULL,NULL,NULL
483,คำน้ำแซบ,คำน้ำแซบ,NULL,NULL,NULL
484,ผาปัง,ผาปัง,NULL,NULL,NULL
485,เก่ากลอย,เก่ากลอย,NULL,NULL,NULL
486,ดงสุวรรณ,ดงสุวรรณ,NULL,NULL,NULL
487,ราษฎรพัฒนา,ราษฎรพัฒนา,NULL,NULL,NULL
488,ระแหง,ระแหง,NULL,NULL,NULL
489,บางอ้อ,บางอ้อ,NULL,NULL,NULL
490,ภูเหล็ก,ภูเหล็ก,NULL,NULL,NULL
491,นานวน,นานวน,NULL,NULL,NULL
492,หนองสองห้อง,หนองสองห้อง,NULL,NULL,NULL
493,อ่างศิล,NULL,NULL,NULL,NULL
494,อ่างศิลา,อ่างศิลา,NULL,NULL,NULL
495,ในคลองบางปลากด,ในคลองบางปลากด,NULL,NULL,NULL
496,แสนชาติ,แสนชาติ,NULL,NULL,NULL
497,วังพร้าว,วังพร้าว,NULL,NULL,NULL
498,หนองคู,หนองคู,NULL,NULL,NULL
499,หลุบเลา,หลุบเลา,NULL,NULL,NULL
500,ถ้ำวัวแดง,ถ้ำวัวแดง,NULL,NULL,NULL
501,เมืองทุ่ง,เมืองทุ่ง,NULL,NULL,NULL
502,หนองแวง,หนองแวง,NULL,NULL,NULL
503,สะเอียบ,สะเอียบ,NULL,NULL,NULL
504,ปงแสนทอง,ปงแสนทอง,NULL,NULL,NULL
505,ปร้อมปราบ,ปร้อมปราบ,NULL,NULL,NULL
506,ปร้อมปราบ,ปร้อมปราบ,NULL,NULL,NULL
507,ป้อมปราบ,ป้อมปราบ,NULL,NULL,NULL
508,ท่าจำปี,ท่าจำปี,NULL,NULL,NULL
509,คอนใหญ่,คอนใหญ่,NULL,NULL,NULL
510,พนมเศษ,พนมเศษ,NULL,NULL,NULL
511,กำแพง,กำแพง,NULL,NULL,NULL
512,นายาง,นายาง,NULL,NULL,NULL
513,หนองขาม,หนองขาม,NULL,NULL,NULL
514,เขวาสินรินทร์,เขวาสินรินทร์,NULL,NULL,NULL
515,คลองมะพลับ,คลองมะพลับ,NULL,NULL,NULL
516,ผักขวง,ผักขวง,NULL,NULL,NULL
517,แตล,แตล,NULL,NULL,NULL
518,น้ำเขียว,น้ำเขียว,NULL,NULL,NULL
519,อุโมงค์,อุโมงค์,NULL,NULL,NULL
520,สีออ,สีออ,NULL,NULL,NULL
521,สถาน,สถาน,NULL,NULL,NULL
522,ดงมะไฟ,ดงมะไฟ,NULL,NULL,NULL
523,ลำดวน,ลำดวน,NULL,NULL,NULL
524,แม่สิน,แม่สิน,NULL,NULL,NULL
525,นาบัว,นาบัว,NULL,NULL,NULL
526,หนองขาม,หนองขาม,NULL,NULL,NULL
527,สายลำโพง,สายลำโพง,NULL,NULL,NULL
528,ตาสิทธิ์,ตาสิทธิ์,NULL,NULL,NULL
529,เมืองจ้ง,เมืองจ้ง,NULL,NULL,NULL
530,โคกสว่าง,โคกสว่าง,NULL,NULL,NULL
531,กุดชมภู,กุดชมภู,NULL,NULL,NULL
532,เจริญสุข,เจริญสุข,NULL,NULL,NULL
533,ธัญญา,ธัญญา,NULL,NULL,NULL
534,พระบาทวังตวง,พระบาทวังตวง,NULL,NULL,NULL
535,เตาเสา,เตาเสา,NULL,NULL,NULL
536,มาบตาพุด,มาบตาพุด,NULL,NULL,NULL
537,ถาวรวัฒนา,ถาวรวัฒนา,NULL,NULL,NULL
538,หนองหญ้าไทร,หนองหญ้าไทร,NULL,NULL,NULL
539,ขมิ้น,ขมิ้น,NULL,NULL,NULL
540,เหล่างาม,เหลางาม,NULL,NULL,NULL
541,ช่องกุม,ช่องกุม,NULL,NULL,NULL
542,หนองเสือช้าง,หนองเสือช้าง,NULL,NULL,NULL
543,ปะตง,ปะตง,NULL,NULL,NULL
544,หนองบัวโคก,หนองบัวโคก,NULL,NULL,NULL
545,แม่อุสุ,แม่อุสุ,NULL,NULL,NULL
546,ลุ่มลำชี,ลุ่มลำชี,NULL,NULL,NULL
547,ทับกวาง,ทับกวาง,NULL,NULL,NULL
548,กุดชมภู,กุดชมภู,NULL,NULL,NULL
549,บางบาท,บางบาท,NULL,NULL,NULL
550,บางบาก,บางบาท,NULL,NULL,NULL
551,โนนกาเล็น,โนนกาเล็น,NULL,NULL,NULL
552,ทุ่งกุลา,ทุ่งกุลา,NULL,NULL,NULL
553,หนองเมธี,หนองเมธี,NULL,NULL,NULL
554,เขิน,เขิน,NULL,NULL,NULL
555,ดอนเจดีย์,ดอนเจดีย์,NULL,NULL,NULL
556,พวา,พวา,NULL,NULL,NULL
557,เชียงเพ็ง,เชียงเพ็ง,NULL,NULL,NULL
558,คลองเมือง,คลองเมือง,NULL,NULL,NULL
559,ชุมตาบง,ชุมตาบง,NULL,NULL,NULL
560,บ้านไทร,บ้านไทร,NULL,NULL,NULL
561,โนนฆ้อง,โนนฆ้อง,NULL,NULL,NULL
562,โนนกาหลง,โนนกาหลง,NULL,NULL,NULL
563,เมืองไผ่,เมืองไผ่,NULL,NULL,NULL
564,หนองขาม,หนองขาม,NULL,NULL,NULL
565,หนองขาม,หนองขาม,NULL,NULL,NULL
566,อุ่มเหม้า,อุ่มเหม้า,NULL,NULL,NULL
567,พรเจริญ,พรเจริญ,NULL,NULL,NULL
568,ศรีสองรักษ์,ศรีสองรักษ์,NULL,NULL,NULL
569,หาดสองแคว,หาดสองแคว,NULL,NULL,NULL
570,บะ,บะ,NULL,NULL,NULL
571,โพธิ์ศรี,โพธิ์ศรี,NULL,NULL,NULL
572,ภูเงิน,ภูเงิน,NULL,NULL,NULL
573,วังท่าช้าง,วังท่าช้าง,NULL,NULL,NULL
574,เชิงชุม,เชิงชุม,NULL,NULL,NULL
575,โคกเจริญ,โคกเจริญ,NULL,NULL,NULL
576,แม่ถอด,แม่ถอด,NULL,NULL,NULL
577,กระแชง,กระแชง,NULL,NULL,NULL
578,หนองกบ,หนองกบ,NULL,NULL,NULL
579,บัวมาศ,บัวมาศ,NULL,NULL,NULL
580,หนองขาม,หนองขาม,NULL,NULL,NULL
581,บ้านนา,บ้านนา,NULL,NULL,NULL
582,ดม,ดม,NULL,NULL,NULL
583,พรหมพิราม,พรหมพิราม,NULL,NULL,NULL
584,แตล,แตล,NULL,NULL,NULL
585,โรงช้าง,โรงช้าง,NULL,NULL,NULL
586,สี่หมื่น,สี่หมื่น,NULL,NULL,NULL
587,ไผ่ท่าโพ,ไผ่ท่าโพ,NULL,NULL,NULL
588,ห้วยโจด,ห้วยโจด,NULL,NULL,NULL
589,หนองแวง,หนองแวง,NULL,NULL,NULL
590,กุตาไก้,กุตาไก้,NULL,NULL,NULL
591,หนองเเวง,หนองเเวง,NULL,NULL,NULL
592,นครสวรรค์ตก,นครสวรรค์ตก,NULL,NULL,NULL
593,ลาดเเค,ลาดเเค,NULL,NULL,NULL
594,เสนางคนิคม,เสนางคนิคม,NULL,NULL,NULL
595,เอือดใหญ่,เอือดใหญ่,NULL,NULL,NULL
596,หนองขาม,หนองขาม,NULL,NULL,NULL
597,นาสวรรค์,นาสวรรค์,NULL,NULL,NULL
598,ลำเพียก,ลำเพียก,NULL,NULL,NULL
599,นาบัว,นาบัว,NULL,NULL,NULL
600,ดงมุษเหล็ก,ดงมุษเหล็ก,NULL,NULL,NULL
601,ดงมูลเหล็ก,ดงมูลเหล็ก,NULL,NULL,NULL
602,กุดชุมแสง,กุดชุมแสง,NULL,NULL,NULL
603,หนองกุงศรี,หนองกุงศรี,NULL,NULL,NULL
604,สำโรงทาบ,สำโรงทาบ,NULL,NULL,NULL
605,หนองบอน,หนองบอน,NULL,NULL,NULL
606,ห้วยยาง,ห้วยยาง,NULL,NULL,NULL
607,สารจิตร,สารจิตร,NULL,NULL,NULL
608,สารจิตร,สารจิตร,NULL,NULL,NULL
609,น้ำหมัน,น้ำหมัน,NULL,NULL,NULL
610,ห้วยบง,ห้วยบง,NULL,NULL,NULL
